ticket_date,net_weight_kg
2000-07-03,52380
2000-07-04,62940
2000-07-05,48260
2000-07-06,55580
2000-07-07,57800
2000-07-10,55720
2000-07-11,61880
2000-07-12,48120
2000-07-13,54160
2000-07-14,55400
2000-07-17,54380
2000-07-18,64380
2000-07-19,47020
2000-07-20,54260
2000-07-21,54380
2000-07-24,58480
2000-07-25,58620
2000-07-26,45420
2000-07-27,50760
2000-07-28,49160
2000-07-31,52330
2000-08-01,63180
2000-08-02,48280
2000-08-03,57400
2000-08-04,60040
2000-08-07,58900
2000-08-08,65800
2000-08-09,49500
2000-08-10,55400
2000-08-11,58360
2000-08-14,52340
2000-08-15,56160
2000-08-16,42420
2000-08-17,57340
2000-08-18,58800
2000-08-21,41790
2000-08-22,63100
2000-08-23,50900
2000-08-24,57500
2000-08-25,58440
2000-08-28,54340
2000-08-29,62500
2000-08-30,48220
2000-08-31,52860
2000-09-01,58000
2000-09-04,55600
2000-09-05,64520
2000-09-06,52540
2000-09-07,57500
2000-09-08,57080
2000-09-11,53960
2000-09-12,61600
2000-09-13,50320
2000-09-14,57880
2000-09-15,61640
2000-09-18,66180
2000-09-19,74600
2000-09-20,51280
2000-09-21,62360
2000-09-22,67260
2000-09-25,68220
2000-09-26,65280
2000-09-27,50960
2000-09-28,59680
2000-09-29,64960
2000-10-02,60040
2000-10-03,70620
2000-10-04,53100
2000-10-05,63100
2000-10-06,66060
2000-10-09,65840
2000-10-10,77280
2000-10-11,53440
2000-10-12,62270
2000-10-13,65420
2000-10-16,60060
2000-10-17,69620
2000-10-18,53380
2000-10-19,57780
2000-10-20,56540
2000-10-23,66380
2000-10-24,67120
2000-10-25,50580
2000-10-26,55160
2000-10-27,66460
2000-10-30,62300
2000-10-31,77140
2000-11-01,57080
2000-11-02,65660
2000-11-03,68280
2000-11-06,64960
2000-11-07,74020
2000-11-08,53220
2000-11-09,64200
2000-11-10,66980
2000-11-13,65780
2000-11-14,79480
2000-11-15,56020
2000-11-16,64920
2000-11-17,70820
2000-11-20,68860
2000-11-21,78620
2000-11-22,56220
2000-11-23,65120
2000-11-24,70340
2000-11-27,63220
2000-11-28,76960
2000-11-29,56540
2000-11-30,63320
2000-12-01,65560
2000-12-04,60360
2000-12-05,72800
2000-12-06,55400
2000-12-07,60980
2000-12-08,63640
2000-12-11,61540
2000-12-12,71640
2000-12-13,55160
2000-12-14,61680
2000-12-15,62280
2000-12-18,55240
2000-12-19,73700
2000-12-20,54160
2000-12-21,59680
2000-12-22,60780
2000-12-26,59200
2000-12-27,67640
2000-12-28,60340
2000-12-29,67560
2000-12-30,71280
2001-01-02,61620
2001-01-03,71040
2001-01-04,55570
2001-01-05,59320
2001-01-06,64160
2001-01-08,58500
2001-01-09,65860
2001-01-10,49000
2001-01-11,56300
2001-01-12,56440
2001-01-15,57380
2001-01-16,66320
2001-01-17,50480
2001-01-18,58860
2001-01-19,60760
2001-01-22,57740
2001-01-23,58580
2001-01-24,50940
2001-01-24,52840
2001-01-25,58720
2001-01-26,54540
2001-01-29,61280
2001-01-30,70140
2001-01-31,55600
2001-02-01,61760
2001-02-02,66900
2001-02-05,57900
2001-02-06,68060
2001-02-07,52280
2001-02-08,56680
2001-02-09,58680
2001-02-12,58760
2001-02-13,68720
2001-02-14,51280
2001-02-15,58040
2001-02-16,61980
2001-02-19,56520
2001-02-20,66600
2001-02-21,50500
2001-02-22,57720
2001-02-23,58820
2001-02-26,57660
2001-02-27,66220
2001-02-28,51480
2001-03-01,58320
2001-03-02,60700
2001-03-05,56520
2001-03-06,66740
2001-03-07,50800
2001-03-08,58400
2001-03-09,58340
2001-03-12,50720
2001-03-13,63620
2001-03-14,49060
2001-03-15,55980
2001-03-16,57030
2001-03-19,59280
2001-03-20,69960
2001-03-21,52820
2001-03-22,58540
2001-03-23,59540
2001-03-26,60960
2001-03-27,69060
2001-03-28,52000
2001-03-29,60060
2001-03-30,61920
2001-04-02,60190
2001-04-03,68500
2001-04-04,52580
2001-04-05,61340
2001-04-06,63180
2001-04-09,57320
2001-04-10,67300
2001-04-11,50500
2001-04-12,55520
2001-04-14,57700
2001-04-16,55360
2001-04-17,62420
2001-04-18,49740
2001-04-19,59300
2001-04-20,55520
2001-04-23,57540
2001-04-24,64820
2001-04-25,42700
2001-04-26,57840
2001-04-27,60920
2001-04-30,63840
2001-05-01,74220
2001-05-02,56680
2001-05-03,61800
2001-05-04,61600
2001-05-07,60980
2001-05-08,76100
2001-05-09,51080
2001-05-10,59080
2001-05-11,60080
2001-05-14,58180
2001-05-15,66260
2001-05-16,51380
2001-05-17,56900
2001-05-18,56760
2001-05-21,57120
2001-05-22,65860
2001-05-23,49820
2001-05-24,57340
2001-05-25,59020
2001-05-28,57760
2001-05-29,65360
2001-05-30,48260
2001-05-31,57300
2001-06-01,57700
2001-06-04,56300
2001-06-05,67340
2001-06-06,49960
2001-06-07,56160
2001-06-08,58020
2001-06-11,51920
2001-06-12,61020
2001-06-13,47740
2001-06-14,55900
2001-06-15,55080
2001-06-18,57760
2001-06-19,68240
2001-06-20,50340
2001-06-21,56480
2001-06-22,58540
2001-06-25,61120
2001-06-26,67280
2001-06-27,50360
2001-06-28,57500
2001-06-29,60280
2001-07-02,51000
2001-07-03,65980
2001-07-04,50880
2001-07-05,66160
2001-07-06,60480
2001-07-09,56380
2001-07-10,62840
2001-07-11,47680
2001-07-12,56760
2001-07-13,59160
2001-07-16,57620
2001-07-17,66380
2001-07-18,49360
2001-07-19,56860
2001-07-20,56920
2001-07-23,56680
2001-07-24,65980
2001-07-25,50540
2001-07-26,60340
2001-07-27,61700
2001-07-30,58360
2001-07-31,67700
2001-08-01,50080
2001-08-02,57300
2001-08-03,59740
2001-08-06,55600
2001-08-07,64680
2001-08-08,47700
2001-08-09,57160
2001-08-10,58000
2001-08-13,60640
2001-08-14,68920
2001-08-15,52520
2001-08-16,59620
2001-08-17,59320
2001-08-20,52840
2001-08-21,60240
2001-08-22,46220
2001-08-23,55000
2001-08-24,59260
2001-08-27,55880
2001-08-28,64040
2001-08-29,51620
2001-08-30,59120
2001-08-31,62540
2001-09-03,61580
2001-09-04,73540
2001-09-05,53440
2001-09-06,61600
2001-09-07,63060
2001-09-10,59200
2001-09-11,69100
2001-09-12,50960
2001-09-13,60160
2001-09-14,61720
2001-09-17,67560
2001-09-18,74600
2001-09-19,55240
2001-09-20,64400
2001-09-21,65040
2001-09-24,66360
2001-09-25,69560
2001-09-26,52640
2001-09-27,62220
2001-09-28,66340
2001-10-01,66660
2001-10-02,75360
2001-10-03,55640
2001-10-04,63060
2001-10-05,65620
2001-10-08,62960
2001-10-09,71920
2001-10-10,56120
2001-10-11,66040
2001-10-12,64880
2001-10-15,67020
2001-10-16,75260
2001-10-17,52800
2001-10-18,61880
2001-10-19,64840
2001-10-22,67820
2001-10-23,75320
2001-10-24,54600
2001-10-25,62620
2001-10-26,66300
2001-10-29,64180
2001-10-30,71900
2001-10-31,55360
2001-11-01,68340
2001-11-02,58400
2001-11-05,67480
2001-11-06,77420
2001-11-07,57340
2001-11-08,66120
2001-11-09,68160
2001-11-12,62480
2001-11-13,72720
2001-11-14,55180
2001-11-15,67420
2001-11-16,70060
2001-11-19,68340
2001-11-20,78940
2001-11-21,57680
2001-11-22,66720
2001-11-23,69860
2001-11-26,58300
2001-11-27,85320
2001-11-28,55960
2001-11-29,59780
2001-11-30,74620
2001-12-03,57080
2001-12-04,84560
2001-12-05,51720
2001-12-06,57920
2001-12-07,74560
2001-12-10,59780
2001-12-11,81820
2001-12-12,54600
2001-12-13,53960
2001-12-14,87340
2001-12-17,55140
2001-12-18,88420
2001-12-19,55260
2001-12-20,60880
2001-12-21,74880
2001-12-26,70000
2001-12-27,57620
2001-12-28,65100
2001-12-29,66800
2001-12-31,63540
2002-01-02,73700
2002-01-03,54120
2002-01-04,59140
2002-01-05,68160
2002-01-07,69560
2002-01-08,66460
2002-01-09,60800
2002-01-10,48100
2002-01-11,69980
2002-01-14,57860
2002-01-15,76340
2002-01-16,52480
2002-01-17,52000
2002-01-18,73160
2002-01-21,48420
2002-01-22,78820
2002-01-23,51180
2002-01-25,69720
2002-01-30,54220
2002-01-31,58420
2002-02-01,70520
2002-02-04,52840
2002-02-05,80760
2002-02-06,52980
2002-02-07,54300
2002-02-08,77840
2002-02-11,46040
2002-02-12,93560
2002-02-13,52540
2002-02-14,54580
2002-02-15,71140
2002-02-18,49880
2002-02-19,82940
2002-02-20,54600
2002-02-21,54360
2002-02-22,71620
2002-02-25,56320
2002-02-26,75200
2002-02-27,52420
2002-02-28,53000
2002-02-28,51860
2002-03-01,69560
2002-03-04,58240
2002-03-05,71400
2002-03-06,52400
2002-03-07,53900
2002-03-08,66480
2002-03-11,51320
2002-03-12,72680
2002-03-13,51700
2002-03-14,51900
2002-03-15,67080
2002-03-18,55040
2002-03-19,77240
2002-03-20,49940
2002-03-21,51460
2002-03-22,68220
2002-03-25,53100
2002-03-26,73180
2002-03-27,50560
2002-03-28,54380
2002-03-30,58900
2002-04-01,48780
2002-04-02,72740
2002-04-03,52580
2002-04-04,54480
2002-04-05,60000
2002-04-08,57320
2002-04-09,80160
2002-04-10,51140
2002-04-11,52460
2002-04-12,69140
2002-04-15,52260
2002-04-16,79000
2002-04-17,51640
2002-04-18,53420
2002-04-19,71460
2002-04-22,54640
2002-04-23,80300
2002-04-24,51160
2002-04-25,51840
2002-04-26,59320
2002-04-29,55120
2002-04-30,78640
2002-05-01,52860
2002-05-02,57330
2002-05-03,71000
2002-05-06,54240
2002-05-07,77200
2002-05-08,52820
2002-05-09,51700
2002-05-10,65780
2002-05-13,44560
2002-05-14,78340
2002-05-15,50260
2002-05-16,53120
2002-05-17,62120
2002-05-20,45460
2002-05-21,75960
2002-05-22,50040
2002-05-23,52800
2002-05-24,64840
2002-05-27,47080
2002-05-28,73860
2002-05-29,52280
2002-05-30,55360
2002-05-31,60660
2002-06-03,46600
2002-06-04,81920
2002-06-05,50980
2002-06-06,54980
2002-06-07,61540
2002-06-10,43360
2002-06-11,71480
2002-06-12,48740
2002-06-13,54960
2002-06-14,56380
2002-06-17,56300
2002-06-18,71160
2002-06-19,51300
2002-06-20,55380
2002-06-21,58880
2002-06-24,52180
2002-06-25,69980
2002-06-26,46640
2002-06-27,54340
2002-06-28,55040
2002-07-01,44560
2002-07-02,72920
2002-07-03,52740
2002-07-04,55520
2002-07-05,57900
2002-07-08,51480
2002-07-09,65820
2002-07-10,51040
2002-07-11,57280
2002-07-12,56760
2002-07-15,53280
2002-07-16,72600
2002-07-17,51180
2002-07-18,55140
2002-07-19,59780
2002-07-22,49840
2002-07-23,65760
2002-07-24,49340
2002-07-25,54560
2002-07-26,55660
2002-07-29,55580
2002-07-30,65900
2002-07-31,52640
2002-08-01,55620
2002-08-02,60720
2002-08-05,53480
2002-08-06,65200
2002-08-07,51460
2002-08-08,55580
2002-08-09,57160
2002-08-12,54420
2002-08-13,64820
2002-08-14,51940
2002-08-15,55880
2002-08-16,58360
2002-08-19,54520
2002-08-20,69700
2002-08-21,53880
2002-08-22,57860
2002-08-23,59900
2002-08-26,47220
2002-08-27,81620
2002-08-28,51920
2002-08-29,49440
2002-08-30,68500
2002-09-02,57580
2002-09-03,70160
2002-09-04,53260
2002-09-05,55560
2002-09-06,61960
2002-09-09,54760
2002-09-10,72020
2002-09-11,52120
2002-09-12,56080
2002-09-13,60420
2002-09-16,60500
2002-09-17,73800
2002-09-18,54660
2002-09-19,53740
2002-09-20,62380
2002-09-23,56660
2002-09-24,82980
2002-09-25,51440
2002-09-26,56700
2002-09-27,73360
2002-09-30,55100
2002-10-01,72460
2002-10-02,52880
2002-10-03,59040
2002-10-04,68480
2002-10-07,60140
2002-10-08,87160
2002-10-09,55840
2002-10-10,57920
2002-10-11,68800
2002-10-14,56060
2002-10-15,78420
2002-10-16,53980
2002-10-17,59100
2002-10-18,64860
2002-10-21,50280
2002-10-22,94400
2002-10-23,55360
2002-10-24,54940
2002-10-25,64080
2002-10-28,50740
2002-10-29,89360
2002-10-30,54820
2002-10-31,59920
2002-11-01,68060
2002-11-04,50080
2002-11-05,87260
2002-11-06,54920
2002-11-07,60640
2002-11-08,62300
2002-11-11,49520
2002-11-12,97880
2002-11-13,54900
2002-11-14,60560
2002-11-15,55100
2002-11-18,56760
2002-11-19,84130
2002-11-20,45220
2002-11-21,60760
2002-11-22,64560
2002-11-25,48680
2002-11-26,92280
2002-11-27,55940
2002-11-28,58480
2002-11-29,77320
2002-12-02,70300
2002-12-03,76000
2002-12-04,57320
2002-12-05,55700
2002-12-06,63400
2002-12-09,55900
2002-12-10,84700
2002-12-11,56900
2002-12-12,54900
2002-12-13,68640
2002-12-16,63920
2002-12-17,75960
2002-12-18,56600
2002-12-19,56000
2002-12-20,65760
2002-12-23,56320
2002-12-24,78300
2002-12-26,54940
2002-12-27,57060
2002-12-28,65720
2002-12-30,70140
2002-12-31,69620
2003-01-02,58580
2003-01-03,55340
2003-01-04,74100
2003-01-06,62800
2003-01-07,77580
2003-01-08,52700
2003-01-09,51320
2003-01-10,61760
2003-01-13,57820
2003-01-14,79320
2003-01-15,54660
2003-01-16,55160
2003-01-17,63320
2003-01-20,57780
2003-01-21,74250
2003-01-22,52020
2003-01-23,54480
2003-01-24,63520
2003-01-27,57080
2003-01-28,68780
2003-01-29,55280
2003-01-30,58100
2003-01-31,61640
2003-02-03,59200
2003-02-04,81460
2003-02-05,55200
2003-02-06,57320
2003-02-07,63180
2003-02-10,55480
2003-02-11,77460
2003-02-12,52960
2003-02-13,57960
2003-02-14,60400
2003-02-17,53380
2003-02-18,76820
2003-02-19,53300
2003-02-20,57920
2003-02-21,59780
2003-02-24,60660
2003-02-25,75040
2003-02-26,55340
2003-02-27,59480
2003-02-28,56540
2003-03-03,57500
2003-03-04,79120
2003-03-05,57380
2003-03-06,59580
2003-03-07,66180
2003-03-10,55480
2003-03-11,75420
2003-03-12,56120
2003-03-13,59300
2003-03-14,64320
2003-03-17,61800
2003-03-18,79880
2003-03-19,54800
2003-03-20,44740
2003-03-21,66900
2003-03-24,61120
2003-03-25,68760
2003-03-26,58400
2003-03-27,70800
2003-03-28,73960
2003-03-31,62380
2003-04-01,79900
2003-04-02,55410
2003-04-03,59020
2003-04-04,67820
2003-04-07,63140
2003-04-08,77160
2003-04-09,55260
2003-04-10,61160
2003-04-11,66020
2003-04-14,54240
2003-04-15,71980
2003-04-16,54460
2003-04-17,60240
2003-04-19,62020
2003-04-21,56920
2003-04-22,70060
2003-04-23,54820
2003-04-24,61880
2003-04-25,52540
2003-04-28,63420
2003-04-29,80560
2003-04-30,56260
2003-05-01,58620
2003-05-02,73200
2003-05-05,59160
2003-05-06,72740
2003-05-07,58000
2003-05-08,57420
2003-05-09,73820
2003-05-12,59960
2003-05-13,74520
2003-05-14,53860
2003-05-15,58440
2003-05-16,60200
2003-05-19,60740
2003-05-20,72080
2003-05-21,52340
2003-05-22,58260
2003-05-23,60580
2003-05-26,59440
2003-05-27,81460
2003-05-28,57140
2003-05-29,50240
2003-05-30,64100
2003-06-02,55240
2003-06-03,64360
2003-06-04,53240
2003-06-05,56680
2003-06-06,56700
2003-06-09,52680
2003-06-10,69200
2003-06-11,53520
2003-06-12,58460
2003-06-13,59780
2003-06-16,57020
2003-06-17,71940
2003-06-18,53440
2003-06-19,57200
2003-06-20,57620
2003-06-23,56980
2003-06-24,76760
2003-06-25,57400
2003-06-26,59700
2003-06-27,62020
2003-06-30,60660
2003-07-01,74000
2003-07-02,54060
2003-07-03,41500
2003-07-04,68900
2003-07-07,63540
2003-07-08,77180
2003-07-09,60580
2003-07-10,58940
2003-07-11,68500
2003-07-14,50620
2003-07-15,87500
2003-07-16,56860
2003-07-17,58520
2003-07-18,63060
2003-07-21,54200
2003-07-22,78500
2003-07-23,56600
2003-07-24,45800
2003-07-25,69460
2003-07-28,54200
2003-07-29,80830
2003-07-30,53100
2003-07-31,56540
2003-08-01,59480
2003-08-04,56860
2003-08-05,64780
2003-08-06,54620
2003-08-07,59320
2003-08-08,60640
2003-08-11,59660
2003-08-12,63220
2003-08-13,53060
2003-08-14,58800
2003-08-15,61540
2003-08-18,55360
2003-08-19,75220
2003-08-20,55880
2003-08-21,57180
2003-08-22,59900
2003-08-25,33440
2003-08-26,73180
2003-08-27,52940
2003-08-28,58660
2003-08-29,60700
2003-09-01,52960
2003-09-02,76320
2003-09-03,54180
2003-09-04,56660
2003-09-05,62200
2003-09-08,58240
2003-09-09,82300
2003-09-10,58620
2003-09-11,60240
2003-09-12,67080
2003-09-15,57780
2003-09-16,76580
2003-09-17,55940
2003-09-18,57980
2003-09-19,61860
2003-09-22,68180
2003-09-23,80260
2003-09-24,56500
2003-09-25,64200
2003-09-26,72540
2003-09-29,57020
2003-09-30,76920
2003-10-01,61860
2003-10-02,56880
2003-10-03,65560
2003-10-06,53540
2003-10-07,95220
2003-10-08,61860
2003-10-09,58880
2003-10-10,83680
2003-10-13,61220
2003-10-14,86100
2003-10-15,61640
2003-10-16,62100
2003-10-17,76520
2003-10-20,61840
2003-10-21,86900
2003-10-22,62580
2003-10-23,60920
2003-10-24,72200
2003-10-27,61340
2003-10-28,75520
2003-10-29,60040
2003-10-30,64020
2003-10-31,68480
2003-11-03,60520
2003-11-04,90560
2003-11-05,61260
2003-11-06,69800
2003-11-07,72140
2003-11-10,63900
2003-11-11,99400
2003-11-12,65220
2003-11-13,65380
2003-11-14,63200
2003-11-17,64380
2003-11-18,83000
2003-11-19,60060
2003-11-20,64840
2003-11-21,70740
2003-11-24,73540
2003-11-25,75460
2003-11-26,62700
2003-11-27,63340
2003-11-28,76280
2003-12-01,59680
2003-12-02,85480
2003-12-03,63600
2003-12-04,54120
2003-12-05,76540
2003-12-08,56220
2003-12-09,92680
2003-12-10,62980
2003-12-11,55080
2003-12-12,83300
2003-12-15,60360
2003-12-16,80160
2003-12-17,59700
2003-12-18,60300
2003-12-19,67320
2003-12-22,55200
2003-12-23,90860
2003-12-24,63600
2003-12-26,56600
2003-12-27,80980
2003-12-29,57660
2003-12-30,88100
2003-12-31,63860
2004-01-02,66480
2004-01-03,66040
2004-01-05,59000
2004-01-06,85960
2004-01-07,60020
2004-01-08,55360
2004-01-09,64880
2004-01-12,59220
2004-01-13,86880
2004-01-14,59280
2004-01-15,58520
2004-01-16,76740
2004-01-19,54160
2004-01-20,69140
2004-01-21,57640
2004-01-22,58980
2004-01-23,67620
2004-01-26,62120
2004-01-27,70440
2004-01-28,47480
2004-01-29,54340
2004-01-30,77240
2004-02-02,54380
2004-02-03,91020
2004-02-04,61360
2004-02-05,61120
2004-02-06,71600
2004-02-09,49240
2004-02-10,90540
2004-02-11,54500
2004-02-12,61040
2004-02-13,66220
2004-02-16,57020
2004-02-17,79120
2004-02-18,58020
2004-02-19,61840
2004-02-20,62160
2004-02-23,62380
2004-02-24,82100
2004-02-25,57720
2004-02-26,61440
2004-02-27,68200
2004-03-01,54920
2004-03-02,82440
2004-03-03,59040
2004-03-04,57720
2004-03-05,63540
2004-03-08,53220
2004-03-09,74660
2004-03-10,55680
2004-03-11,59220
2004-03-12,66660
2004-03-15,55440
2004-03-16,85100
2004-03-17,49740
2004-03-18,58800
2004-03-19,75060
2004-03-22,54410
2004-03-23,78220
2004-03-24,43420
2004-03-25,58600
2004-03-26,60420
2004-03-29,53540
2004-03-30,76920
2004-03-31,57020
2004-04-01,56980
2004-04-02,61380
2004-04-05,57260
2004-04-06,78620
2004-04-07,57420
2004-04-08,59400
2004-04-10,67040
2004-04-12,54220
2004-04-13,70460
2004-04-14,44880
2004-04-15,55820
2004-04-16,66760
2004-04-19,56240
2004-04-20,82860
2004-04-21,56620
2004-04-22,59920
2004-04-23,60220
2004-04-26,56180
2004-04-27,78660
2004-04-28,56340
2004-04-29,62440
2004-04-30,58100
2004-05-03,54800
2004-05-04,74900
2004-05-05,45520
2004-05-06,69740
2004-05-07,60400
2004-05-10,53720
2004-05-11,75660
2004-05-12,60400
2004-05-13,57140
2004-05-14,59760
2004-05-17,55880
2004-05-18,78480
2004-05-19,56180
2004-05-20,60100
2004-05-21,67680
2004-05-24,56400
2004-05-25,76920
2004-05-26,55320
2004-05-27,58080
2004-05-28,61300
2004-05-31,57180
2004-06-01,76880
2004-06-02,53470
2004-06-03,57460
2004-06-04,62440
2004-06-07,54680
2004-06-08,79200
2004-06-09,56760
2004-06-10,61440
2004-06-11,63220
2004-06-14,56100
2004-06-15,68320
2004-06-16,52880
2004-06-17,59100
2004-06-18,60440
2004-06-21,58040
2004-06-22,74340
2004-06-23,56500
2004-06-24,59520
2004-06-25,64600
2004-06-28,56900
2004-06-29,74520
2004-06-30,54720
2004-07-01,56560
2004-07-02,62700
2004-07-05,56880
2004-07-06,77300
2004-07-07,56520
2004-07-08,60240
2004-07-09,60480
2004-07-12,58820
2004-07-13,81760
2004-07-14,57280
2004-07-15,60360
2004-07-16,61060
2004-07-19,52680
2004-07-20,74800
2004-07-21,54240
2004-07-22,56400
2004-07-23,60860
2004-07-26,58000
2004-07-27,71320
2004-07-28,55720
2004-07-29,54660
2004-07-30,61900
2004-08-02,57820
2004-08-03,84920
2004-08-04,58160
2004-08-05,62500
2004-08-06,64860
2004-08-09,55520
2004-08-10,73400
2004-08-11,57760
2004-08-12,60060
2004-08-13,61480
2004-08-16,58320
2004-08-17,75000
2004-08-18,47860
2004-08-19,62580
2004-08-20,66400
2004-08-23,58560
2004-08-24,87680
2004-08-25,61520
2004-08-26,65480
2004-08-27,68760
2004-08-30,59620
2004-08-31,88600
2004-09-01,61240
2004-09-02,61500
2004-09-03,66020
2004-09-06,64520
2004-09-07,86980
2004-09-08,59560
2004-09-09,63040
2004-09-10,64460
2004-09-13,57980
2004-09-14,80220
2004-09-15,59320
2004-09-16,61620
2004-09-17,61540
2004-09-20,68700
2004-09-21,92820
2004-09-22,60820
2004-09-23,64600
2004-09-24,62000
2004-09-27,70580
2004-09-28,94440
2004-09-29,57320
2004-09-30,70780
2004-10-01,76900
2004-10-04,67860
2004-10-05,93900
2004-10-06,62960
2004-10-07,61200
2004-10-08,89560
2004-10-11,56600
2004-10-12,99560
2004-10-13,60740
2004-10-14,62280
2004-10-15,72660
2004-10-18,63240
2004-10-19,95560
2004-10-20,63020
2004-10-21,59200
2004-10-22,60480
2004-10-25,61540
2004-10-26,93420
2004-10-27,66140
2004-10-28,63020
2004-10-29,66300
2004-11-01,55900
2004-11-02,105460
2004-11-03,61080
2004-11-04,67860
2004-11-05,65700
2004-11-08,62380
2004-11-09,86760
2004-11-10,65300
2004-11-11,47380
2004-11-12,83000
2004-11-15,69840
2004-11-16,91820
2004-11-17,70780
2004-11-18,65500
2004-11-19,72180
2004-11-22,63580
2004-11-23,93520
2004-11-24,66120
2004-11-25,66560
2004-11-26,66440
2004-11-29,71240
2004-11-30,85580
2004-12-01,60440
2004-12-02,62840
2004-12-03,66020
2004-12-06,62800
2004-12-07,89860
2004-12-08,66240
2004-12-09,64980
2004-12-10,67260
2004-12-13,71560
2004-12-14,105420
2004-12-15,66980
2004-12-16,78900
2004-12-17,72680
2004-12-20,73260
2004-12-21,93100
2004-12-22,71280
2004-12-23,67540
2004-12-24,66380
2004-12-27,64660
2004-12-28,78420
2004-12-29,60100
2004-12-30,63240
2004-12-31,68560
2005-01-03,61080
2005-01-04,89440
2005-01-05,61560
2005-01-06,64340
2005-01-07,65920
2005-01-10,52600
2005-01-11,98940
2005-01-12,60640
2005-01-13,65040
2005-01-14,61860
2005-01-17,66980
2005-01-18,80520
2005-01-19,61740
2005-01-20,61000
2005-01-21,63020
2005-01-24,52980
2005-01-25,90180
2005-01-26,55260
2005-01-27,58820
2005-01-28,58940
2005-01-31,56060
2005-02-01,98180
2005-02-02,69940
2005-02-03,64960
2005-02-04,63760
2005-02-07,67140
2005-02-08,90840
2005-02-09,62740
2005-02-10,68140
2005-02-11,76340
2005-02-14,61200
2005-02-15,86980
2005-02-16,66400
2005-02-17,64060
2005-02-18,67540
2005-02-21,58980
2005-02-22,89960
2005-02-23,60320
2005-02-24,64300
2005-02-25,64700
2005-02-28,61660
2005-03-01,84060
2005-03-02,62040
2005-03-03,51460
2005-03-04,65100
2005-03-07,57120
2005-03-08,85160
2005-03-09,57920
2005-03-10,52480
2005-03-11,76760
2005-03-14,58140
2005-03-15,73420
2005-03-16,59100
2005-03-17,60160
2005-03-18,63800
2005-03-21,78000
2005-03-22,73610
2005-03-23,62240
2005-03-24,62140
2005-03-26,62440
2005-03-28,57820
2005-03-29,73420
2005-03-30,64600
2005-03-31,61280
2005-04-01,64500
2005-04-04,51720
2005-04-05,87880
2005-04-06,59220
2005-04-07,64040
2005-04-08,63240
2005-04-11,59000
2005-04-12,76700
2005-04-13,63080
2005-04-14,49520
2005-04-15,68280
2005-04-18,54100
2005-04-19,93180
2005-04-20,68460
2005-04-21,61300
2005-04-22,64060
2005-04-25,55540
2005-04-26,77820
2005-04-27,63160
2005-04-28,60140
2005-04-29,63240
2005-05-02,55180
2005-05-03,73320
2005-05-04,56380
2005-05-05,58580
2005-05-06,59580
2005-05-09,47220
2005-05-10,85540
2005-05-11,58540
2005-05-12,57740
2005-05-13,61860
2005-05-16,49020
2005-05-17,82320
2005-05-18,56200
2005-05-19,62420
2005-05-20,62680
2005-05-23,56680
2005-05-24,77780
2005-05-25,56280
2005-05-26,58060
2005-05-27,59940
2005-05-30,50500
2005-05-31,68520
2005-06-01,57320
2005-06-02,62220
2005-06-03,60760
2005-06-06,54280
2005-06-07,79840
2005-06-08,60280
2005-06-09,59560
2005-06-10,61600
2005-06-13,56540
2005-06-14,78900
2005-06-15,57080
2005-06-16,56300
2005-06-17,59720
2005-06-20,62540
2005-06-21,68960
2005-06-22,59800
2005-06-23,58680
2005-06-24,59260
2005-06-27,61920
2005-06-28,72420
2005-06-29,60720
2005-06-30,59040
2005-07-01,62460
2005-07-04,56240
2005-07-05,70240
2005-07-06,59240
2005-07-07,58040
2005-07-08,59240
2005-07-11,59700
2005-07-12,75140
2005-07-13,57460
2005-07-14,60060
2005-07-15,59700
2005-07-18,60740
2005-07-19,69700
2005-07-20,56920
2005-07-21,57940
2005-07-22,59840
2005-07-25,54860
2005-07-26,75900
2005-07-27,54960
2005-07-28,57940
2005-07-29,60440
2005-08-01,63800
2005-08-02,71580
2005-08-03,63800
2005-08-04,60480
2005-08-05,61900
2005-08-08,59300
2005-08-09,73660
2005-08-10,55600
2005-08-11,67700
2005-08-12,58480
2005-08-15,61720
2005-08-16,64900
2005-08-17,58440
2005-08-18,60020
2005-08-19,63660
2005-08-22,59440
2005-08-23,75940
2005-08-24,57420
2005-08-25,59440
2005-08-26,65200
2005-08-29,70540
2005-08-30,79100
2005-08-31,64220
2005-09-01,61260
2005-09-02,66800
2005-09-05,55440
2005-09-06,83480
2005-09-07,58100
2005-09-08,74160
2005-09-09,69840
2005-09-12,64300
2005-09-13,71360
2005-09-14,65640
2005-09-15,61180
2005-09-16,64780
2005-09-19,67600
2005-09-20,80720
2005-09-21,60120
2005-09-22,65600
2005-09-23,70020
2005-09-26,69740
2005-09-27,85280
2005-09-28,64840
2005-09-29,64500
2005-09-30,70940
2005-10-03,81420
2005-10-04,87260
2005-10-05,65620
2005-10-06,69280
2005-10-07,69300
2005-10-10,52020
2005-10-11,95440
2005-10-12,65980
2005-10-13,61340
2005-10-14,74920
2005-10-17,72100
2005-10-18,78620
2005-10-19,65020
2005-10-20,78380
2005-10-21,69500
2005-10-24,73980
2005-10-25,85160
2005-10-26,66480
2005-10-27,62980
2005-10-28,77720
2005-10-31,73080
2005-11-01,98220
2005-11-02,66660
2005-11-03,69220
2005-11-04,74980
2005-11-07,67000
2005-11-08,100060
2005-11-09,69360
2005-11-10,63980
2005-11-11,77260
2005-11-14,79700
2005-11-15,94200
2005-11-16,65600
2005-11-17,69420
2005-11-18,79020
2005-11-21,73260
2005-11-22,92640
2005-11-23,72640
2005-11-24,67460
2005-11-25,76460
2005-11-28,69720
2005-11-29,85500
2005-11-30,63560
2005-12-01,65400
2005-12-02,69600
2005-12-05,70120
2005-12-06,88200
2005-12-07,71640
2005-12-08,67400
2005-12-09,73800
2005-12-12,74000
2005-12-13,77580
2005-12-14,73840
2005-12-15,66720
2005-12-16,72860
2005-12-19,60440
2005-12-20,91900
2005-12-21,72240
2005-12-22,73460
2005-12-23,67400
2005-12-26,64280
2005-12-27,71260
2005-12-28,64160
2005-12-29,61960
2005-12-30,66940
2006-01-02,67780
2006-01-03,77120
2006-01-04,70560
2006-01-05,65080
2006-01-06,67460
2006-01-09,73140
2006-01-10,76220
2006-01-11,64040
2006-01-12,63100
2006-01-13,65920
2006-01-16,70400
2006-01-17,73660
2006-01-18,61940
2006-01-19,60940
2006-01-20,64320
2006-01-23,59440
2006-01-24,69100
2006-01-25,58940
2006-01-26,61520
2006-01-27,57420
2006-01-30,69240
2006-01-31,76200
2006-02-01,65280
2006-02-02,63400
2006-02-03,70220
2006-02-06,70280
2006-02-07,77640
2006-02-08,64980
2006-02-09,63300
2006-02-10,63980
2006-02-13,64620
2006-02-14,76300
2006-02-15,59180
2006-02-15,63860
2006-02-16,60500
2006-02-17,63020
2006-02-20,65660
2006-02-21,72060
2006-02-22,60120
2006-02-23,59020
2006-02-24,62000
2006-02-27,65680
2006-02-28,74440
2006-03-01,61760
2006-03-02,59020
2006-03-03,66120
2006-03-06,63900
2006-03-07,69440
2006-03-08,58680
2006-03-09,58220
2006-03-10,59680
2006-03-13,59720
2006-03-14,67400
2006-03-15,57060
2006-03-16,59300
2006-03-17,61800
2006-03-20,64640
2006-03-21,76500
2006-03-22,58480
2006-03-23,58620
2006-03-24,61400
2006-03-27,61520
2006-03-28,72200
2006-03-29,58240
2006-03-30,59280
2006-03-31,63060
2006-04-03,65200
2006-04-04,69960
2006-04-05,59300
2006-04-06,56880
2006-04-07,59680
2006-04-10,63560
2006-04-11,72200
2006-04-12,59360
2006-04-13,59520
2006-04-17,60300
2006-04-18,67600
2006-04-19,58500
2006-04-20,60580
2006-04-21,58320
2006-04-24,66920
2006-04-25,69060
2006-04-26,59800
2006-04-27,61940
2006-04-28,65980
2006-05-01,63690
2006-05-02,66660
2006-05-03,59840
2006-05-04,56540
2006-05-05,59060
2006-05-08,63520
2006-05-09,71700
2006-05-10,56920
2006-05-11,58620
2006-05-12,62560
2006-05-15,62480
2006-05-16,69860
2006-05-17,60160
2006-05-18,59920
2006-05-19,53060
2006-05-22,64340
2006-05-23,74020
2006-05-24,57760
2006-05-25,61040
2006-05-26,61020
2006-05-29,61780
2006-05-30,71840
2006-05-31,58380
2006-06-01,58560
2006-06-02,60440
2006-06-05,62840
2006-06-06,66320
2006-06-07,58000
2006-06-08,56700
2006-06-09,58440
2006-06-12,57960
2006-06-13,64360
2006-06-14,55460
2006-06-15,56100
2006-06-16,58640
2006-06-19,62740
2006-06-20,68760
2006-06-21,60460
2006-06-22,58480
2006-06-23,59920
2006-06-26,61480
2006-06-27,66200
2006-06-28,61400
2006-06-29,59920
2006-06-30,54840
2006-07-03,60840
2006-07-04,69380
2006-07-05,59580
2006-07-06,62040
2006-07-07,61080
2006-07-08,62140
2006-07-10,61500
2006-07-11,67680
2006-07-12,55480
2006-07-13,58640
2006-07-14,57880
2006-07-17,59400
2006-07-18,63520
2006-07-19,59500
2006-07-20,59620
2006-07-21,63080
2006-07-24,61320
2006-07-25,76400
2006-07-26,63940
2006-07-27,64020
2006-07-28,66160
2006-07-31,63960
2006-08-01,68700
2006-08-02,63320
2006-08-03,61760
2006-08-04,62500
2006-08-07,72140
2006-08-08,72560
2006-08-09,63020
2006-08-10,62380
2006-08-11,65020
2006-08-14,67680
2006-08-15,60220
2006-08-16,64440
2006-08-17,63480
2006-08-18,65880
2006-08-21,75760
2006-08-22,71560
2006-08-23,60880
2006-08-24,63020
2006-08-25,63520
2006-08-28,65820
2006-08-29,72520
2006-08-30,60280
2006-08-31,63080
2006-09-01,68480
2006-09-04,66900
2006-09-05,73680
2006-09-06,59340
2006-09-07,57420
2006-09-11,65300
2006-09-12,67260
2006-09-13,63360
2006-09-14,62840
2006-09-15,68020
2006-09-18,71800
2006-09-19,78320
2006-09-20,60620
2006-09-21,62200
2006-09-22,67780
2006-09-25,67100
2006-09-26,70000
2006-09-27,60960
2006-09-28,62300
2006-09-29,65740
2006-10-02,73240
2006-10-03,67520
2006-10-04,74040
2006-10-05,63600
2006-10-06,65280
2006-10-09,66960
2006-10-10,73680
2006-10-11,60980
2006-10-12,61660
2006-10-13,64300
2006-10-16,67120
2006-10-17,74220
2006-10-18,59380
2006-10-19,59100
2006-10-20,66000
2006-10-23,65260
2006-10-24,70400
2006-10-25,60140
2006-10-26,58000
2006-10-27,62060
2006-10-30,64100
2006-10-31,71120
2006-11-01,59380
2006-11-02,59040
2006-11-03,62280
2006-11-06,67840
2006-11-07,69900
2006-11-08,63160
2006-11-09,58900
2006-11-10,63420
2006-11-13,62180
2006-11-14,73600
2006-11-15,59580
2006-11-16,56380
2006-11-17,62200
2006-11-20,54900
2006-11-21,81680
2006-11-22,60700
2006-11-23,59760
2006-11-24,64440
2006-11-27,63980
2006-11-28,75140
2006-11-29,61880
2006-11-30,60780
2006-12-01,64230
2006-12-04,64180
2006-12-05,71560
2006-12-06,60120
2006-12-07,59140
2006-12-08,62660
2006-12-11,59940
2006-12-12,67220
2006-12-13,58100
2006-12-14,57360
2006-12-15,59060
2006-12-18,65520
2006-12-19,70040
2006-12-20,59340
2006-12-21,59340
2006-12-22,62640
2006-12-26,65720
2006-12-27,73500
2006-12-28,70640
2006-12-29,64960
2006-12-30,72700
2007-01-02,63820
2007-01-03,90580
2007-01-04,68880
2007-01-05,67080
2007-01-06,70080
2007-01-08,67380
2007-01-09,70620
2007-01-10,58000
2007-01-11,55240
2007-01-12,57800
2007-01-15,68220
2007-01-16,71380
2007-01-17,58550
2007-01-18,59460
2007-01-19,65380
2007-01-22,68260
2007-01-23,75580
2007-01-24,65760
2007-01-25,65220
2007-01-26,64300
2007-01-29,72040
2007-01-30,80780
2007-01-31,66200
2007-02-01,55600
2007-02-02,73340
2007-02-05,67440
2007-02-06,72000
2007-02-07,59800
2007-02-08,61140
2007-02-09,62520
2007-02-12,67960
2007-02-13,73740
2007-02-14,62140
2007-02-15,61060
2007-02-16,65880
2007-02-19,63540
2007-02-20,68300
2007-02-21,58080
2007-02-22,58020
2007-02-23,62520
2007-02-26,68180
2007-02-27,72800
2007-02-28,51900
2007-03-01,73660
2007-03-02,57280
2007-03-05,66840
2007-03-06,72520
2007-03-07,60980
2007-03-08,61080
2007-03-09,63840
2007-03-12,58780
2007-03-13,68420
2007-03-14,59480
2007-03-15,58780
2007-03-16,63840
2007-03-19,69200
2007-03-20,71620
2007-03-21,59600
2007-03-22,59420
2007-03-23,61820
2007-03-26,64980
2007-03-27,72500
2007-03-28,61400
2007-03-29,59680
2007-03-30,65420
2007-04-02,68820
2007-04-03,71920
2007-04-04,59860
2007-04-05,61000
2007-04-06,63800
2007-04-09,59020
2007-04-10,65880
2007-04-11,58880
2007-04-12,58820
2007-04-13,57900
2007-04-16,71200
2007-04-17,72180
2007-04-18,60940
2007-04-19,58740
2007-04-20,61620
2007-04-23,61700
2007-04-24,67880
2007-04-25,52840
2007-04-26,57020
2007-04-27,61760
2007-04-30,65500
2007-05-01,70040
2007-05-02,63440
2007-05-03,59800
2007-05-04,58140
2007-05-07,67160
2007-05-08,69800
2007-05-09,60160
2007-05-10,60060
2007-05-11,66080
2007-05-14,66460
2007-05-15,69780
2007-05-16,59820
2007-05-17,59880
2007-05-18,62160
2007-05-21,63240
2007-05-22,66140
2007-05-23,59900
2007-05-24,58380
2007-05-25,62180
2007-05-28,70300
2007-05-29,72740
2007-05-30,61980
2007-05-31,60400
2007-06-01,62400
2007-06-04,66680
2007-06-05,70360
2007-06-06,61520
2007-06-07,61980
2007-06-08,63960
2007-06-11,62160
2007-06-12,66300
2007-06-13,59140
2007-06-14,58140
2007-06-15,61980
2007-06-18,65680
2007-06-19,67480
2007-06-20,58100
2007-06-21,56420
2007-06-22,58400
2007-06-25,62700
2007-06-26,68220
2007-06-27,59740
2007-06-28,56920
2007-06-29,61500
2007-07-02,62600
2007-07-03,64220
2007-07-04,62380
2007-07-05,59200
2007-07-06,60580
2007-07-09,65420
2007-07-10,69780
2007-07-11,61740
2007-07-12,60720
2007-07-13,64220
2007-07-16,69180
2007-07-17,72940
2007-07-18,59880
2007-07-19,60500
2007-07-20,64640
2007-07-23,65280
2007-07-24,72120
2007-07-25,62640
2007-07-26,60840
2007-07-27,65640
2007-07-30,65740
2007-07-31,69400
2007-08-01,59180
2007-08-02,59220
2007-08-03,63480
2007-08-06,63980
2007-08-07,66800
2007-08-08,60920
2007-08-09,58980
2007-08-10,63700
2007-08-13,68400
2007-08-14,70720
2007-08-15,63080
2007-08-16,63920
2007-08-17,68560
2007-08-20,71120
2007-08-21,76400
2007-08-22,58480
2007-08-23,70140
2007-08-24,69900
2007-08-27,71060
2007-08-28,79900
2007-08-29,66140
2007-08-30,67340
2007-08-31,72060
2007-09-03,73100
2007-09-04,73300
2007-09-05,61080
2007-09-06,61980
2007-09-07,68880
2007-09-10,69900
2007-09-11,76060
2007-09-12,62980
2007-09-13,63980
2007-09-14,69160
2007-09-17,70220
2007-09-18,75940
2007-09-19,64360
2007-09-20,61520
2007-09-21,69060
2007-09-24,74180
2007-09-25,78360
2007-09-26,64840
2007-09-27,64480
2007-09-28,71700
2007-10-01,68700
2007-10-02,75180
2007-10-03,63460
2007-10-04,81500
2007-10-05,63980
2007-10-08,78220
2007-10-09,81700
2007-10-10,55200
2007-10-11,68140
2007-10-12,73520
2007-10-15,74660
2007-10-16,78760
2007-10-17,64420
2007-10-18,62700
2007-10-19,60640
2007-10-22,71200
2007-10-23,74540
2007-10-24,63880
2007-10-25,64480
2007-10-26,67780
2007-10-29,74460
2007-10-30,79180
2007-10-31,66380
2007-11-01,66160
2007-11-02,71240
2007-11-05,71940
2007-11-06,78380
2007-11-07,70460
2007-11-08,68440
2007-11-09,75480
2007-11-12,80800
2007-11-13,87920
2007-11-14,72160
2007-11-15,69440
2007-11-16,75260
2007-11-19,75580
2007-11-20,80320
2007-11-21,66360
2007-11-22,62160
2007-11-23,72480
2007-11-26,78560
2007-11-27,83020
2007-11-28,70880
2007-11-29,69400
2007-11-30,75680
2007-12-03,76080
2007-12-04,81020
2007-12-05,68180
2007-12-06,67480
2007-12-07,71300
2007-12-10,75160
2007-12-11,78540
2007-12-12,67340
2007-12-13,65800
2007-12-14,69920
2007-12-17,72680
2007-12-18,77040
2007-12-19,67160
2007-12-20,65680
2007-12-21,75080
2007-12-24,76600
2007-12-26,72720
2007-12-27,75740
2007-12-28,72520
2007-12-29,80220
2007-12-31,74370
2008-01-02,80740
2008-01-03,68020
2008-01-04,67160
2008-01-05,74940
2008-01-07,74220
2008-01-08,73680
2008-01-09,61760
2008-01-10,58600
2008-01-11,62960
2008-01-14,69920
2008-01-15,72860
2008-01-16,64720
2008-01-17,62720
2008-01-18,68300
2008-01-21,69800
2008-01-22,72980
2008-01-23,65360
2008-01-24,65020
2008-01-25,69620
2008-01-28,66800
2008-01-29,74820
2008-01-30,66980
2008-01-31,63940
2008-02-01,71100
2008-02-04,76100
2008-02-05,77720
2008-02-06,65780
2008-02-07,61820
2008-02-08,68160
2008-02-11,67940
2008-02-12,75880
2008-02-13,70720
2008-02-14,67020
2008-02-15,68020
2008-02-18,68320
2008-02-19,69740
2008-02-20,64600
2008-02-21,63820
2008-02-22,67600
2008-02-25,68280
2008-02-26,79300
2008-02-27,67900
2008-02-28,64700
2008-02-29,67000
2008-03-03,69500
2008-03-04,72260
2008-03-05,61360
2008-03-06,59880
2008-03-07,63980
2008-03-10,58180
2008-03-11,63740
2008-03-12,57660
2008-03-13,58220
2008-03-14,65620
2008-03-17,64840
2008-03-18,69460
2008-03-19,57200
2008-03-20,54880
2008-03-21,42520
2008-03-24,60580
2008-03-25,66500
2008-03-26,60080
2008-03-27,59300
2008-03-28,74280
2008-03-31,70520
2008-04-01,72220
2008-04-02,62000
2008-04-03,58040
2008-04-04,62500
2008-04-07,70800
2008-04-08,71740
2008-04-09,64680
2008-04-10,62180
2008-04-11,77340
2008-04-14,67800
2008-04-15,58880
2008-04-16,60460
2008-04-17,57780
2008-04-18,62560
2008-04-21,61540
2008-04-22,75500
2008-04-23,60400
2008-04-24,59120
2008-04-25,48460
2008-04-28,65660
2008-04-29,69180
2008-04-30,58560
2008-05-01,56280
2008-05-02,62200
2008-05-05,63440
2008-05-06,70600
2008-05-07,59740
2008-05-08,60040
2008-05-09,64120
2008-05-12,64120
2008-05-13,69240
2008-05-14,59140
2008-05-15,59600
2008-05-16,63760
2008-05-19,69620
2008-05-20,69860
2008-05-21,60580
2008-05-22,59380
2008-05-23,63580
2008-05-26,66340
2008-05-27,72680
2008-05-28,62080
2008-05-29,61020
2008-05-30,65460
2008-06-02,64360
2008-06-03,72560
2008-06-04,60000
2008-06-05,64500
2008-06-06,59960
2008-06-09,60220
2008-06-10,64340
2008-06-11,59400
2008-06-12,58120
2008-06-13,60500
2008-06-16,68320
2008-06-17,71640
2008-06-18,62040
2008-06-19,60080
2008-06-20,65460
2008-06-23,65700
2008-06-24,67120
2008-06-25,58480
2008-06-26,58040
2008-06-27,63800
2008-06-30,64300
2008-07-01,68340
2008-07-02,59420
2008-07-03,58360
2008-07-04,62080
2008-07-07,66880
2008-07-08,70060
2008-07-09,60920
2008-07-10,61320
2008-07-11,61400
2008-07-14,66740
2008-07-15,74480
2008-07-16,60880
2008-07-17,64900
2008-07-18,67060
2008-07-21,63920
2008-07-22,67720
2008-07-23,59700
2008-07-24,56700
2008-07-25,62540
2008-07-28,67640
2008-07-29,69080
2008-07-30,66900
2008-07-31,62040
2008-08-01,63980
2008-08-04,67940
2008-08-05,69240
2008-08-06,63200
2008-08-07,57680
2008-08-08,63900
2008-08-11,62600
2008-08-12,67960
2008-08-13,58920
2008-08-14,55700
2008-08-15,61620
2008-08-18,66620
2008-08-19,68860
2008-08-20,60580
2008-08-21,59380
2008-08-22,62560
2008-08-25,69860
2008-08-26,72240
2008-08-27,66060
2008-08-28,65620
2008-08-29,71560
2008-09-01,69940
2008-09-02,71220
2008-09-03,60540
2008-09-04,61380
2008-09-05,68900
2008-09-08,75260
2008-09-09,77600
2008-09-10,68620
2008-09-11,68780
2008-09-12,71620
2008-09-15,78060
2008-09-16,76680
2008-09-17,58040
2008-09-18,74340
2008-09-19,69920
2008-09-22,71920
2008-09-23,74480
2008-09-24,62620
2008-09-25,67400
2008-09-26,73040
2008-09-29,78000
2008-09-30,79580
2008-10-01,67000
2008-10-02,66280
2008-10-03,74240
2008-10-06,77220
2008-10-07,79020
2008-10-08,68940
2008-10-09,66840
2008-10-10,75000
2008-10-13,76480
2008-10-14,82160
2008-10-15,67960
2008-10-16,66800
2008-10-17,72420
2008-10-20,76460
2008-10-21,76520
2008-10-22,64880
2008-10-23,65000
2008-10-24,70340
2008-10-27,72100
2008-10-28,75160
2008-10-29,64520
2008-10-30,64280
2008-10-31,69000
2008-11-03,72020
2008-11-04,75800
2008-11-05,65500
2008-11-06,64880
2008-11-07,69860
2008-11-10,80220
2008-11-11,82080
2008-11-12,67500
2008-11-13,66140
2008-11-14,71940
2008-11-17,56320
2008-11-18,79120
2008-11-19,65240
2008-11-20,62320
2008-11-21,71160
2008-11-24,73200
2008-11-25,78600
2008-11-26,68660
2008-11-27,68060
2008-11-28,72320
2008-12-01,76520
2008-12-02,77560
2008-12-03,66880
2008-12-04,65740
2008-12-05,72080
2008-12-08,73660
2008-12-09,77800
2008-12-10,67040
2008-12-11,64060
2008-12-12,72380
2008-12-15,73220
2008-12-16,77980
2008-12-17,69520
2008-12-18,68820
2008-12-19,72940
2008-12-22,81820
2008-12-23,82820
2008-12-24,71820
2008-12-26,57380
2008-12-27,74880
2008-12-29,76860
2008-12-30,82360
2008-12-31,77660
2009-01-02,71020
2009-01-03,75780
2009-01-05,81880
2009-01-06,79740
2009-01-07,67220
2009-01-08,64180
2009-01-09,67860
2009-01-12,56160
2009-01-13,76100
2009-01-14,63780
2009-01-15,62220
2009-01-16,67040
2009-01-19,77780
2009-01-20,70660
2009-01-21,62520
2009-01-22,61220
2009-01-23,68100
2009-01-26,61320
2009-01-27,67420
2009-01-28,61420
2009-01-29,58780
2009-01-30,53380
2009-02-02,73260
2009-02-03,75520
2009-02-04,64920
2009-02-05,61600
2009-02-06,66600
2009-02-09,75820
2009-02-10,78200
2009-02-11,62900
2009-02-12,62900
2009-02-13,66420
2009-02-16,69820
2009-02-17,74520
2009-02-18,64140
2009-02-19,58320
2009-02-20,61600
2009-02-23,74360
2009-02-24,62620
2009-02-25,70180
2009-02-26,60280
2009-02-27,64380
2009-03-02,56040
2009-03-03,71200
2009-03-04,59500
2009-03-05,60660
2009-03-06,64300
2009-03-09,54020
2009-03-10,82520
2009-03-11,68600
2009-03-12,66580
2009-03-13,73880
2009-03-16,75380
2009-03-17,75980
2009-03-18,65760
2009-03-19,67080
2009-03-20,67260
2009-03-23,72140
2009-03-24,75740
2009-03-25,67680
2009-03-26,65720
2009-03-27,69940
2009-03-30,83580
2009-03-31,72220
2009-04-01,65220
2009-04-02,63300
2009-04-03,67720
2009-04-06,68100
2009-04-07,70600
2009-04-08,61120
2009-04-09,61620
2009-04-10,52220
2009-04-13,62340
2009-04-14,74000
2009-04-15,62900
2009-04-16,61400
2009-04-17,73240
2009-04-20,75040
2009-04-21,76260
2009-04-22,68840
2009-04-23,64580
2009-04-24,66320
2009-04-27,65260
2009-04-28,71440
2009-04-29,61080
2009-04-30,59620
2009-05-01,66100
2009-05-04,71200
2009-05-05,73380
2009-05-06,59760
2009-05-07,63720
2009-05-08,65680
2009-05-11,69880
2009-05-12,71400
2009-05-13,64040
2009-05-14,60580
2009-05-15,63280
2009-05-18,57420
2009-05-19,72480
2009-05-20,62240
2009-05-21,63760
2009-05-22,67920
2009-05-25,71210
2009-05-26,85220
2009-05-27,34080
2009-05-28,64980
2009-05-29,64440
2009-06-01,71500
2009-06-02,71700
2009-06-03,65680
2009-06-04,60700
2009-06-05,65800
2009-06-08,63820
2009-06-09,69300
2009-06-10,57760
2009-06-11,66200
2009-06-12,64580
2009-06-15,75140
2009-06-16,77020
2009-06-17,64820
2009-06-18,64000
2009-06-19,68140
2009-06-22,69880
2009-06-23,72560
2009-06-24,60920
2009-06-25,61440
2009-06-26,63920
2009-06-29,69120
2009-06-30,72200
2009-07-01,59820
2009-07-02,59600
2009-07-03,61040
2009-07-06,66760
2009-07-07,70620
2009-07-08,63820
2009-07-09,62960
2009-07-10,68540
2009-07-13,62500
2009-07-14,72100
2009-07-15,71840
2009-07-16,62040
2009-07-17,67460
2009-07-20,72860
2009-07-21,77840
2009-07-22,64760
2009-07-23,60160
2009-07-24,68960
2009-07-27,70980
2009-07-28,72440
2009-07-29,63280
2009-07-30,61480
2009-07-31,65480
2009-08-03,57620
2009-08-04,74300
2009-08-05,63540
2009-08-06,62240
2009-08-07,69080
2009-08-10,65020
2009-08-11,74780
2009-08-12,65600
2009-08-13,64640
2009-08-14,70840
2009-08-17,71440
2009-08-18,76160
2009-08-19,65800
2009-08-20,67340
2009-08-21,60100
2009-08-24,74140
2009-08-25,73780
2009-08-26,63580
2009-08-27,52400
2009-08-28,69780
2009-08-31,71520
2009-09-01,67040
2009-09-02,67460
2009-09-03,67080
2009-09-04,73540
2009-09-07,77380
2009-09-08,64220
2009-09-09,64520
2009-09-10,75620
2009-09-11,71020
2009-09-14,79420
2009-09-15,86140
2009-09-16,59160
2009-09-17,70500
2009-09-18,74900
2009-09-21,82440
2009-09-22,83900
2009-09-23,70880
2009-09-24,68840
2009-09-25,77500
2009-09-28,72960
2009-09-29,69300
2009-09-30,69920
2009-10-01,71540
2009-10-02,73300
2009-10-05,91420
2009-10-06,86540
2009-10-07,74500
2009-10-08,67960
2009-10-09,74980
2009-10-12,85620
2009-10-13,82340
2009-10-14,83540
2009-10-15,58760
2009-10-16,74140
2009-10-19,81100
2009-10-20,84700
2009-10-21,76560
2009-10-22,74740
2009-10-23,84500
2009-10-26,85500
2009-10-27,89420
2009-10-28,72400
2009-10-29,73600
2009-10-30,81480
2009-11-02,85220
2009-11-03,86560
2009-11-04,72100
2009-11-05,69780
2009-11-06,79300
2009-11-09,72980
2009-11-10,86280
2009-11-11,62740
2009-11-12,67140
2009-11-13,75940
2009-11-16,78160
2009-11-17,82240
2009-11-18,68040
2009-11-19,67760
2009-11-20,74460
2009-11-23,67380
2009-11-24,85440
2009-11-25,80300
2009-11-26,71020
2009-11-27,80780
2009-11-30,85000
2009-12-01,97860
2009-12-02,75980
2009-12-03,72900
2009-12-04,78860
2009-12-07,87280
2009-12-08,86860
2009-12-09,59340
2009-12-10,70780
2009-12-11,76140
2009-12-14,81420
2009-12-15,67360
2009-12-16,70420
2009-12-17,68200
2009-12-18,75260
2009-12-21,84400
2009-12-22,84900
2009-12-23,78760
2009-12-24,70600
2009-12-26,73900
2009-12-28,80620
2009-12-29,77760
2009-12-30,78500
2009-12-31,68060
2010-01-02,78780
2010-01-04,91660
2010-01-05,84080
2010-01-06,77400
2010-01-07,71140
2010-01-08,73260
2010-01-11,74900
2010-01-12,80600
2010-01-13,65700
2010-01-14,65240
2010-01-15,83620
2010-01-18,0
2010-01-19,0
2010-01-20,0
2010-01-21,0
2010-01-22,0
2010-01-25,74920
2010-01-26,72340
2010-01-27,64820
2010-01-28,64720
2010-01-29,70740
2010-02-01,87600
2010-02-02,79420
2010-02-03,73520
2010-02-04,63940
2010-02-05,70060
2010-02-08,61760
2010-02-09,75120
2010-02-10,67220
2010-02-11,66260
2010-02-12,72900
2010-02-15,69980
2010-02-16,82020
2010-02-17,72320
2010-02-18,70540
2010-02-19,75100
2010-02-22,62800
2010-02-23,76500
2010-02-24,67220
2010-02-25,65240
2010-02-26,69760
2010-03-01,75580
2010-03-02,76320
2010-03-03,67440
2010-03-04,56100
2010-03-05,70920
2010-03-08,69180
2010-03-09,74360
2010-03-10,69400
2010-03-11,65020
2010-03-12,75900
2010-03-15,76460
2010-03-16,83140
2010-03-17,69080
2010-03-18,66340
2010-03-19,75060
2010-03-22,75860
2010-03-23,78340
2010-03-24,73580
2010-03-25,65800
2010-03-26,67600
2010-03-29,74760
2010-03-30,78500
2010-03-31,65440
2010-04-01,68800
2010-04-02,59340
2010-04-05,72580
2010-04-06,77720
2010-04-07,67620
2010-04-08,69780
2010-04-09,83680
2010-04-12,80960
2010-04-13,71140
2010-04-14,66160
2010-04-15,71620
2010-04-16,73800
2010-04-19,80320
2010-04-20,83040
2010-04-21,69980
2010-04-22,68760
2010-04-23,79040
2010-04-26,76040
2010-04-27,77540
2010-04-28,65000
2010-04-29,68780
2010-04-30,84200
2010-05-03,82520
2010-05-04,80200
2010-05-05,71500
2010-05-06,72200
2010-05-07,76460
2010-05-10,73880
2010-05-11,83220
2010-05-12,64080
2010-05-13,69360
2010-05-14,71220
2010-05-17,76420
2010-05-18,93220
2010-05-19,68760
2010-05-20,67440
2010-05-21,74360
2010-05-24,76820
2010-05-25,74740
2010-05-26,68160
2010-05-27,51680
2010-05-28,81380
2010-05-31,70360
2010-06-01,79680
2010-06-02,65400
2010-06-03,65480
2010-06-04,71940
2010-06-07,78920
2010-06-08,72140
2010-06-09,68100
2010-06-10,57260
2010-06-11,69920
2010-06-14,65160
2010-06-15,73600
2010-06-16,66820
2010-06-17,64120
2010-06-18,80860
2010-06-21,76000
2010-06-22,87720
2010-06-23,65200
2010-06-24,55940
2010-06-25,71480
2010-06-28,68940
2010-06-29,72160
2010-06-30,62060
2010-07-01,66800
2010-07-02,64920
2010-07-05,59920
2010-07-06,74960
2010-07-07,65740
2010-07-08,62640
2010-07-09,71240
2010-07-12,75180
2010-07-13,78120
2010-07-14,63000
2010-07-15,67100
2010-07-16,71700
2010-07-19,74420
2010-07-20,77260
2010-07-21,57860
2010-07-22,65660
2010-07-23,69220
2010-07-26,73240
2010-07-27,78560
2010-07-28,68460
2010-07-29,63700
2010-07-30,70420
2010-08-02,71480
2010-08-03,77620
2010-08-04,42000
2010-08-05,77000
2010-08-06,70660
2010-08-09,79240
2010-08-10,78920
2010-08-11,69480
2010-08-12,62860
2010-08-13,75600
2010-08-16,75140
2010-08-17,74880
2010-08-18,67880
2010-08-19,67980
2010-08-20,70340
2010-08-23,78120
2010-08-24,79160
2010-08-25,66880
2010-08-26,64420
2010-08-27,72920
2010-08-30,77120
2010-08-31,79540
2010-09-01,69200
2010-09-02,68700
2010-09-03,76180
2010-09-06,68840
2010-09-07,71800
2010-09-08,75880
2010-09-09,71280
2010-09-10,77880
2010-09-13,86860
2010-09-14,86100
2010-09-15,74580
2010-09-16,73520
2010-09-17,77300
2010-09-20,80000
2010-09-21,77220
2010-09-22,68720
2010-09-23,68840
2010-09-24,78780
2010-09-27,92640
2010-09-28,84360
2010-09-29,61840
2010-09-30,74800
2010-10-01,82360
2010-10-04,88640
2010-10-05,87300
2010-10-06,81400
2010-10-07,75860
2010-10-08,83080
2010-10-11,92320
2010-10-12,96520
2010-10-13,76880
2010-10-14,68520
2010-10-15,88080
2010-10-18,84140
2010-10-19,82540
2010-10-20,78760
2010-10-21,75680
2010-10-22,85180
2010-10-25,98300
2010-10-26,93820
2010-10-27,64220
2010-10-28,79040
2010-10-29,84460
2010-11-01,86340
2010-11-02,84100
2010-11-03,82340
2010-11-04,69540
2010-11-05,83100
2010-11-08,99040
2010-11-09,93560
2010-11-10,86380
2010-11-11,80920
2010-11-12,83960
2010-11-15,80860
2010-11-16,101360
2010-11-17,67680
2010-11-18,90180
2010-11-19,83740
2010-11-22,89820
2010-11-23,100200
2010-11-24,77420
2010-11-25,81820
2010-11-26,85720
2010-11-29,83340
2010-11-30,87460
2010-12-01,84500
2010-12-02,77160
2010-12-03,85580
2010-12-06,99480
2010-12-07,91740
2010-12-08,84100
2010-12-09,82180
2010-12-10,100860
2010-12-13,90820
2010-12-14,88140
2010-12-15,81580
2010-12-16,77340
2010-12-17,81820
2010-12-20,84780
2010-12-21,85360
2010-12-22,78380
2010-12-23,76080
2010-12-24,82360
2010-12-27,81780
2010-12-28,83960
2010-12-29,84940
2010-12-30,73780
2010-12-31,80060
2011-01-03,89640
2011-01-04,93340
2011-01-05,78740
2011-01-06,58880
2011-01-07,84780
2011-01-10,73440
2011-01-11,100600
2011-01-12,77680
2011-01-13,68180
2011-01-14,87480
2011-01-17,103000
2011-01-18,103920
2011-01-19,57100
2011-01-20,118740
2011-01-21,85160
2011-01-24,81020
2011-01-25,92180
2011-01-26,73020
2011-01-27,71480
2011-01-28,80280
2011-01-31,81040
2011-02-01,78000
2011-02-02,72980
2011-02-03,71520
2011-02-04,76680
2011-02-07,82820
2011-02-08,85420
2011-02-09,81600
2011-02-10,64120
2011-02-11,90020
2011-02-14,87260
2011-02-15,92780
2011-02-16,88480
2011-02-17,75660
2011-02-18,83180
2011-02-21,86100
2011-02-22,90440
2011-02-23,75620
2011-02-24,73940
2011-02-25,86120
2011-02-28,86900
2011-03-01,79840
2011-03-02,81680
2011-03-03,74640
2011-03-04,78640
2011-03-07,82000
2011-03-08,92440
2011-03-09,72400
2011-03-10,75520
2011-03-11,78740
2011-03-14,79480
2011-03-15,83000
2011-03-16,74120
2011-03-17,77200
2011-03-18,77900
2011-03-21,87260
2011-03-22,84460
2011-03-23,72920
2011-03-24,68180
2011-03-25,73120
2011-03-28,80840
2011-03-29,85700
2011-03-30,68800
2011-03-31,73960
2011-04-01,76920
2011-04-04,77420
2011-04-05,82580
2011-04-06,71850
2011-04-07,68800
2011-04-08,75080
2011-04-11,76620
2011-04-12,81080
2011-04-13,68180
2011-04-14,63700
2011-04-15,70880
2011-04-18,74200
2011-04-19,89100
2011-04-20,74760
2011-04-21,68320
2011-04-22,68660
2011-04-25,66520
2011-04-26,77120
2011-04-27,74120
2011-04-28,76460
2011-04-29,88340
2011-05-02,85780
2011-05-03,92460
2011-05-04,67140
2011-05-05,79980
2011-05-06,74160
2011-05-09,74420
2011-05-10,76960
2011-05-11,65980
2011-05-12,64880
2011-05-13,68460
2011-05-16,74240
2011-05-17,78680
2011-05-18,67700
2011-05-19,63880
2011-05-20,73060
2011-05-23,81220
2011-05-24,77940
2011-05-25,76360
2011-05-26,64420
2011-05-27,69200
2011-05-30,62940
2011-05-31,79420
2011-06-01,70300
2011-06-02,51280
2011-06-03,84960
2011-06-06,78480
2011-06-07,70800
2011-06-08,70240
2011-06-09,58180
2011-06-10,72260
2011-06-13,67980
2011-06-14,82900
2011-06-15,69320
2011-06-16,64120
2011-06-17,52220
2011-06-20,69620
2011-06-21,88360
2011-06-22,59100
2011-06-23,77180
2011-06-24,68740
2011-06-27,76440
2011-06-28,79960
2011-06-29,68360
2011-06-30,73500
2011-07-01,74640
2011-07-04,74960
2011-07-05,74720
2011-07-06,62860
2011-07-07,61780
2011-07-08,71400
2011-07-11,69880
2011-07-12,61760
2011-07-13,58740
2011-07-14,73860
2011-07-15,81100
2011-07-18,72700
2011-07-19,82680
2011-07-20,65180
2011-07-21,68060
2011-07-22,74780
2011-07-25,66040
2011-07-26,81880
2011-07-27,67080
2011-07-28,70660
2011-07-29,73180
2011-08-01,84620
2011-08-02,83680
2011-08-03,71100
2011-08-04,71760
2011-08-05,75280
2011-08-08,75740
2011-08-09,75500
2011-08-10,65220
2011-08-11,61560
2011-08-12,70300
2011-08-15,80800
2011-08-16,78260
2011-08-17,56400
2011-08-18,76140
2011-08-19,82320
2011-08-22,82760
2011-08-23,89560
2011-08-24,63720
2011-08-25,88360
2011-08-26,85560
2011-08-29,85180
2011-08-30,85060
2011-08-31,67600
2011-09-01,68680
2011-09-02,81800
2011-09-05,62420
2011-09-06,98880
2011-09-07,64140
2011-09-08,83660
2011-09-09,78200
2011-09-12,80580
2011-09-13,76640
2011-09-14,69500
2011-09-15,65420
2011-09-16,72560
2011-09-19,76340
2011-09-20,91260
2011-09-21,71400
2011-09-22,76180
2011-09-23,78720
2011-09-26,85300
2011-09-27,81120
2011-09-28,72360
2011-09-29,69040
2011-09-30,71420
2011-10-03,68480
2011-10-04,95120
2011-10-05,78560
2011-10-06,71554
2011-10-07,95100
2011-10-10,92100
2011-10-11,85920
2011-10-12,75520
2011-10-13,70420
2011-10-14,95820
2011-10-17,77580
2011-10-18,99640
2011-10-19,68120
2011-10-20,74300
2011-10-21,81100
2011-10-24,91800
2011-10-25,90600
2011-10-26,72620
2011-10-27,79240
2011-10-28,86240
2011-10-31,74500
2011-11-01,102500
2011-11-02,81580
2011-11-03,77780
2011-11-04,90100
2011-11-07,98160
2011-11-08,102600
2011-11-09,82700
2011-11-10,82500
2011-11-11,86800
2011-11-14,100540
2011-11-15,97980
2011-11-16,85600
2011-11-17,80580
2011-11-18,95780
2011-11-21,93320
2011-11-22,94460
2011-11-23,86840
2011-11-24,75500
2011-11-25,84020
2011-11-28,92540
2011-11-29,97200
2011-11-30,83480
2011-12-01,73800
2011-12-02,90360
2011-12-05,96740
2011-12-06,92560
2011-12-07,81080
2011-12-08,78100
2011-12-09,82180
2011-12-12,87460
2011-12-13,92320
2011-12-14,77840
2011-12-15,71640
2011-12-16,82920
2011-12-19,88420
2011-12-20,83000
2011-12-21,80860
2011-12-22,82100
2011-12-23,85060
2011-12-26,63460
2011-12-27,72160
2011-12-28,78360
2011-12-29,76500
2011-12-30,87760
2012-01-02,91400
2012-01-03,89200
2012-01-04,71380
2012-01-05,73080
2012-01-06,84160
2012-01-09,97300
2012-01-10,97840
2012-01-11,73580
2012-01-12,85100
2012-01-13,83940
2012-01-16,88760
2012-01-17,87020
2012-01-18,80340
2012-01-19,62420
2012-01-20,90880
2012-01-23,78800
2012-01-24,82760
2012-01-25,75940
2012-01-26,65440
2012-01-27,77020
2012-01-30,85860
2012-01-31,86400
2012-02-01,75240
2012-02-02,74280
2012-02-03,93000
2012-02-06,83060
2012-02-07,87000
2012-02-08,78860
2012-02-09,69160
2012-02-10,84040
2012-02-13,83960
2012-02-14,82660
2012-02-15,75380
2012-02-16,71480
2012-02-17,77820
2012-02-20,73980
2012-02-21,88300
2012-02-22,74960
2012-02-23,75800
2012-02-24,79620
2012-02-27,77160
2012-02-28,82060
2012-02-29,72560
2012-03-01,76340
2012-03-02,76740
2012-03-05,86840
2012-03-06,98500
2012-03-07,78080
2012-03-08,65100
2012-03-09,95560
2012-03-12,84760
2012-03-13,89020
2012-03-14,74940
2012-03-15,79480
2012-03-16,77640
2012-03-19,76840
2012-03-20,113760
2012-03-21,73180
2012-03-22,78980
2012-03-23,76320
2012-03-26,88120
2012-03-27,83960
2012-03-28,62900
2012-03-29,73960
2012-03-30,79100
2012-04-02,86780
2012-04-03,71060
2012-04-04,87880
2012-04-05,69860
2012-04-06,72620
2012-04-09,77300
2012-04-10,76440
2012-04-11,66560
2012-04-12,66160
2012-04-13,75040
2012-04-16,89020
2012-04-17,93000
2012-04-18,72480
2012-04-19,77300
2012-04-20,75740
2012-04-23,84560
2012-04-24,78240
2012-04-25,62580
2012-04-26,65860
2012-04-27,75100
2012-04-30,76580
2012-05-01,90680
2012-05-02,81360
2012-05-03,72980
2012-05-04,76100
2012-05-07,77560
2012-05-08,81900
2012-05-09,68760
2012-05-10,71900
2012-05-11,87580
2012-05-14,76840
2012-05-15,76400
2012-05-16,67520
2012-05-17,65540
2012-05-18,72840
2012-05-21,77920
2012-05-22,80580
2012-05-23,74500
2012-05-24,67840
2012-05-25,73860
2012-05-28,77860
2012-05-29,81420
2012-05-30,69080
2012-05-31,68780
2012-06-01,76520
2012-06-04,77280
2012-06-05,87140
2012-06-06,67640
2012-06-07,70600
2012-06-08,74180
2012-06-11,71960
2012-06-12,85240
2012-06-13,72080
2012-06-14,68380
2012-06-15,70140
2012-06-18,86580
2012-06-19,75520
2012-06-20,69780
2012-06-21,66500
2012-06-22,70840
2012-06-25,69580
2012-06-26,83620
2012-06-27,64400
2012-06-28,67080
2012-06-29,79660
2012-07-02,60100
2012-07-03,90040
2012-07-04,64880
2012-07-05,63300
2012-07-06,71980
2012-07-09,87800
2012-07-10,84520
2012-07-11,68800
2012-07-12,63440
2012-07-13,84280
2012-07-16,66200
2012-07-17,94540
2012-07-18,59860
2012-07-19,76340
2012-07-20,79260
2012-07-23,62340
2012-07-24,102000
2012-07-25,63940
2012-07-26,74160
2012-07-27,79100
2012-07-30,60320
2012-07-31,100940
2012-08-01,66980
2012-08-02,68860
2012-08-03,76120
2012-08-06,67480
2012-08-07,102480
2012-08-08,69660
2012-08-09,62400
2012-08-10,79000
2012-08-13,61120
2012-08-14,98000
2012-08-15,65200
2012-08-16,71080
2012-08-17,79520
2012-08-20,72380
2012-08-21,93120
2012-08-22,72400
2012-08-23,64640
2012-08-24,86380
2012-08-27,62900
2012-08-28,108700
2012-08-29,66840
2012-08-30,69280
2012-08-31,82700
2012-09-03,81920
2012-09-04,95560
2012-09-05,71760
2012-09-06,75320
2012-09-07,90140
2012-09-10,75820
2012-09-11,103280
2012-09-12,69680
2012-09-13,71700
2012-09-14,93320
2012-09-17,65640
2012-09-18,109640
2012-09-19,66600
2012-09-20,73460
2012-09-21,89000
2012-09-24,78760
2012-09-25,110820
2012-09-26,70540
2012-09-27,74080
2012-09-28,106440
2012-10-01,68800
2012-10-02,97000
2012-10-03,59760
2012-10-04,85040
2012-10-05,100660
2012-10-08,71080
2012-10-09,112400
2012-10-10,56140
2012-10-11,101020
2012-10-12,85240
2012-10-15,86600
2012-10-16,112200
2012-10-17,70380
2012-10-18,85820
2012-10-19,94620
2012-10-26,103270
2012-11-02,98650
2012-11-05,65640
2012-11-06,109640
2012-11-07,66600
2012-11-08,73460
2012-11-09,89000
2012-11-12,78760
2012-11-13,110820
2012-11-14,70540
2012-11-15,74080
2012-11-16,106440
2012-11-19,74640
2012-11-20,98960
2012-11-21,67060
2012-11-22,58520
2012-11-23,110060
2012-11-26,57520
2012-11-27,116660
2012-11-28,66320
2012-11-29,71760
2012-11-30,93240
2012-12-03,85640
2012-12-04,103960
2012-12-05,72780
2012-12-06,79480
2012-12-07,94240
2012-12-10,95660
2012-12-11,91160
2012-12-12,66600
2012-12-13,81500
2012-12-14,95760
2012-12-17,77400
2012-12-18,112840
2012-12-19,62500
2012-12-20,81620
2012-12-21,93340
2012-12-24,77520
2012-12-26,96720
2012-12-27,73420
2012-12-28,92340
2012-12-29,100020
2012-12-31,82400
2013-01-02,102600
2013-01-03,72940
2013-01-04,83260
2013-01-04,96060
2013-01-05,80680
2013-01-07,86580
2013-01-08,83200
2013-01-09,63440
2013-01-10,66960
2013-01-11,76040
2013-01-14,80840
2013-01-15,96840
2013-01-16,56140
2013-01-17,87660
2013-01-18,78100
2013-01-21,77560
2013-01-22,90620
2013-01-23,66460
2013-01-24,75140
2013-01-25,82580
2013-01-28,73640
2013-01-29,82940
2013-01-30,59520
2013-01-31,91680
2013-02-01,79680
2013-02-04,94390
2013-02-05,82400
2013-02-06,53080
2013-02-07,73840
2013-02-08,116700
2013-02-11,61000
2013-02-12,108020
2013-02-13,59660
2013-02-14,81080
2013-02-15,79880
2013-02-18,83060
2013-02-19,81300
2013-02-20,58780
2013-02-21,84900
2013-02-22,83900
2013-02-25,39480
2013-02-26,115860
2013-02-27,62760
2013-02-28,82140
2013-03-01,78340
2013-03-04,68160
2013-03-05,102820
2013-03-06,61400
2013-03-07,53340
2013-03-08,136000
2013-03-11,77640
2013-03-12,101960
2013-03-13,58400
2013-03-14,69480
2013-03-15,84840
2013-03-18,65060
2013-03-19,111140
2013-03-20,69690
2013-03-21,68720
2013-03-22,91820
2013-03-25,87480
2013-03-26,113200
2013-03-27,59060
2013-03-28,82600
2013-03-30,70940
2013-04-01,60980
2013-04-02,92360
2013-04-03,59340
2013-04-04,67600
2013-04-05,123300
2013-04-08,81720
2013-04-09,98160
2013-04-10,56420
2013-04-11,83760
2013-04-12,88100
2013-04-15,80760
2013-04-16,85540
2013-04-17,62580
2013-04-18,76880
2013-04-19,93180
2013-04-22,59380
2013-04-23,100840
2013-04-24,58960
2013-04-25,66580
2013-04-26,82340
2013-04-29,70660
2013-04-30,92800
2013-05-01,69140
2013-05-02,69240
2013-05-03,98200
2013-05-06,65200
2013-05-07,91180
2013-05-08,61640
2013-05-09,75240
2013-05-10,81440
2013-05-13,71520
2013-05-14,88960
2013-05-15,61400
2013-05-16,59940
2013-05-17,88680
2013-05-20,69400
2013-05-21,95140
2013-05-22,62500
2013-05-23,65400
2013-05-24,97260
2013-05-27,60900
2013-05-28,101560
2013-05-29,62840
2013-05-30,58060
2013-05-31,92760
2013-06-03,68040
2013-06-04,87940
2013-06-05,69340
2013-06-06,64260
2013-06-07,87560
2013-06-10,65480
2013-06-11,89000
2013-06-12,61960
2013-06-13,81960
2013-06-14,79020
2013-06-17,69420
2013-06-18,95940
2013-06-19,56400
2013-06-20,88360
2013-06-21,80480
2013-06-24,81560
2013-06-25,82660
2013-06-26,57920
2013-06-27,84800
2013-06-28,79720
2013-07-01,61160
2013-07-02,95020
2013-07-03,57440
2013-07-04,84080
2013-07-05,75100
2013-07-08,59400
2013-07-09,92300
2013-07-10,56100
2013-07-11,83640
2013-07-12,79200
2013-07-15,66320
2013-07-16,91980
2013-07-17,58700
2013-07-18,86440
2013-07-19,77160
2013-07-22,74020
2013-07-23,89040
2013-07-24,60560
2013-07-25,85060
2013-07-26,79100
2013-07-29,63420
2013-07-30,98840
2013-07-31,55880
2013-08-01,88700
2013-08-02,86040
2013-08-05,70780
2013-08-06,92340
2013-08-07,60720
2013-08-08,81680
2013-08-09,78760
2013-08-12,79300
2013-08-13,99760
2013-08-14,61120
2013-08-15,90620
2013-08-16,84040
2013-08-19,66860
2013-08-20,91460
2013-08-21,60320
2013-08-22,85380
2013-08-23,77440
2013-08-26,68240
2013-08-27,106920
2013-08-28,63300
2013-08-29,98610
2013-08-30,91920
2013-09-02,85860
2013-09-03,105880
2013-09-04,67500
2013-09-05,99500
2013-09-06,72780
2013-09-09,66340
2013-09-10,125140
2013-09-11,50800
2013-09-12,103540
2013-09-13,89240
2013-09-16,80340
2013-09-17,98580
2013-09-17,64440
2013-09-18,96440
2013-09-19,87240
2013-09-23,69940
2013-09-24,119160
2013-09-25,72920
2013-09-26,99760
2013-09-27,86280
2013-09-30,87740
2013-10-01,102820
2013-10-02,50300
2013-10-03,101320
2013-10-04,86460
2013-10-07,78180
2013-10-08,116240
2013-10-09,70540
2013-10-10,105780
2013-10-11,94160
2013-10-14,71160
2013-10-15,113420
2013-10-16,65380
2013-10-17,90400
2013-10-18,85220
2013-10-21,84900
2013-10-22,98800
2013-10-23,65740
2013-10-24,69160
2013-10-25,101200
2013-10-28,80700
2013-10-29,111340
2013-10-30,65620
2013-10-31,91940
2013-11-01,88580
2013-11-04,79760
2013-11-05,116840
2013-11-06,73800
2013-11-07,77100
2013-11-08,104060
2013-11-11,77640
2013-11-12,112340
2013-11-13,62300
2013-11-14,81720
2013-11-15,95540
2013-11-18,82140
2013-11-19,107100
2013-11-20,64360
2013-11-21,82520
2013-11-22,114800
2013-11-25,63640
2013-11-26,120140
2013-11-27,67400
2013-11-28,82800
2013-11-29,93780
2013-12-02,70540
2013-12-03,121560
2013-12-04,72060
2013-12-05,77320
2013-12-06,98220
2013-12-09,64860
2013-12-10,123260
2013-12-11,66160
2013-12-12,93740
2013-12-13,94980
2013-12-16,80520
2013-12-17,112240
2013-12-18,68340
2013-12-19,88860
2013-12-20,85440
2013-12-23,91260
2013-12-24,100860
2013-12-26,66720
2013-12-27,95680
2013-12-28,86900
2013-12-30,85540
2013-12-31,95880
2014-01-02,61580
2014-01-03,92580
2014-01-06,79660
2014-01-07,102800
2014-01-08,62440
2014-01-09,85720
2014-01-10,77660
2014-01-13,67580
2014-01-14,107880
2014-01-15,60700
2014-01-16,84960
2014-01-17,76600
2014-01-20,73540
2014-01-21,92600
2014-01-22,61500
2014-01-23,81920
2014-01-24,90000
2014-01-27,75640
2014-01-28,92800
2014-01-29,58460
2014-01-30,90740
2014-01-31,81400
2014-02-03,66980
2014-02-04,98040
2014-02-05,59320
2014-02-06,86700
2014-02-07,77520
2014-02-08,7280
2014-02-10,65220
2014-02-11,94900
2014-02-12,52860
2014-02-13,80480
2014-02-14,80600
2014-02-15,10460
2014-02-17,68540
2014-02-18,105140
2014-02-19,75320
2014-02-20,94400
2014-02-21,101660
2014-02-22,10280
2014-02-24,67580
2014-02-25,99140
2014-02-26,73240
2014-02-27,95280
2014-02-28,85820
2014-03-01,11340
2014-03-03,67760
2014-03-04,96580
2014-03-05,60120
2014-03-06,67700
2014-03-07,103080
2014-03-08,10240
2014-03-11,97680
2014-03-12,52980
2014-03-13,69420
2014-03-14,99340
2014-03-15,9640
2014-03-17,61840
2014-03-18,108440
2014-03-19,57060
2014-03-20,98640
2014-03-21,96300
2014-03-22,19460
2014-03-24,60000
2014-03-25,113620
2014-03-26,73220
2014-03-27,71980
2014-03-28,83520
2014-03-29,11720
2014-03-31,70260
2014-04-01,96660
2014-04-02,62580
2014-04-03,74360
2014-04-04,90760
2014-04-05,11660
2014-04-07,62520
2014-04-08,99680
2014-04-09,56680
2014-04-10,89540
2014-04-11,64620
2014-04-12,15080
2014-04-14,74460
2014-04-15,107040
2014-04-17,91680
2014-04-18,61000
2014-04-19,12340
2014-04-21,70500
2014-04-22,103140
2014-04-23,66320
2014-04-24,79980
2014-04-25,68720
2014-04-26,13780
2014-04-28,74360
2014-04-29,118140
2014-04-30,69320
2014-05-01,69900
2014-05-02,94040
2014-05-03,9600
2014-05-05,66220
2014-05-06,90680
2014-05-07,58770
2014-05-08,86860
2014-05-09,71440
2014-05-10,12040
2014-05-12,70980
2014-05-13,94520
2014-05-14,60660
2014-05-15,78680
2014-05-16,85220
2014-05-17,14520
2014-05-19,73820
2014-05-20,103680
2014-05-21,55420
2014-05-22,83200
2014-05-23,85380
2014-05-24,13360
2014-05-26,97200
2014-05-27,89040
2014-05-28,61320
2014-05-29,76920
2014-05-30,80500
2014-05-31,14720
2014-06-02,67200
2014-06-03,100480
2014-06-04,62920
2014-06-05,82120
2014-06-06,78940
2014-06-07,14520
2014-06-09,62320
2014-06-10,105360
2014-06-11,59200
2014-06-12,69140
2014-06-13,102520
2014-06-14,8880
2014-06-16,66700
2014-06-17,102440
2014-06-18,61900
2014-06-19,64960
2014-06-20,87180
2014-06-21,10220
2014-06-23,68760
2014-06-24,82420
2014-06-25,60300
2014-06-26,79980
2014-06-27,73060
2014-06-28,14320
2014-06-30,70880
2014-07-01,82900
2014-07-02,69060
2014-07-03,64460
2014-07-04,93640
2014-07-05,9440
2014-07-07,61640
2014-07-08,102200
2014-07-09,58680
2014-07-10,77720
2014-07-11,70360
2014-07-12,15900
2014-07-14,66240
2014-07-15,107020
2014-07-16,60860
2014-07-17,86240
2014-07-18,71660
2014-07-19,12400
2014-07-21,82880
2014-07-22,88760
2014-07-23,60060
2014-07-24,84640
2014-07-25,86620
2014-07-26,11420
2014-07-28,67480
2014-07-29,102540
2014-07-30,57820
2014-07-31,82900
2014-08-01,72840
2014-08-02,9640
2014-08-04,69740
2014-08-05,98400
2014-08-06,60800
2014-08-07,83460
2014-08-08,81180
2014-08-09,14640
2014-08-11,80580
2014-08-12,82420
2014-08-13,57020
2014-08-14,73280
2014-08-15,89080
2014-08-16,7900
2014-08-18,65480
2014-08-19,95000
2014-08-20,59860
2014-08-21,67200
2014-08-22,97400
2014-08-23,11620
2014-08-25,64560
2014-08-26,106260
2014-08-27,61080
2014-08-28,83660
2014-08-29,99940
2014-08-30,8900
2014-09-01,76040
2014-09-02,105280
2014-09-03,71260
2014-09-04,79600
2014-09-05,99460
2014-09-06,11460
2014-09-08,68800
2014-09-09,115140
2014-09-10,62100
2014-09-11,87680
2014-09-12,88060
2014-09-13,9660
2014-09-15,63700
2014-09-16,124940
2014-09-17,60740
2014-09-18,76140
2014-09-19,89060
2014-09-20,6960
2014-09-22,62500
2014-09-23,108660
2014-09-24,64800
2014-09-25,69940
2014-09-26,115380
2014-09-27,12980
2014-09-29,70460
2014-09-30,119500
2014-10-01,62060
2014-10-02,80440
2014-10-03,100580
2014-10-04,14220
2014-10-06,79620
2014-10-07,0
2014-10-08,64460
2014-10-09,79780
2014-10-10,112420
2014-10-11,10860
2014-10-13,85440
2014-10-14,100340
2014-10-15,64380
2014-10-16,85760
2014-10-17,93180
2014-10-18,4700
2014-10-20,92140
2014-10-21,110820
2014-10-22,68500
2014-10-23,70680
2014-10-24,112680
2014-10-25,5500
2014-10-27,72500
2014-10-28,123400
2014-10-29,64420
2014-10-30,85420
2014-10-31,98880
2014-11-01,12720
2014-11-03,81240
2014-11-04,108060
2014-11-05,68480
2014-11-06,73200
2014-11-07,109320
2014-11-08,5880
2014-11-10,62580
2014-11-11,108340
2014-11-12,64680
2014-11-13,81460
2014-11-14,95500
2014-11-15,12780
2014-11-17,72840
2014-11-18,107440
2014-11-19,66920
2014-11-20,94220
2014-11-21,79240
2014-11-22,11460
2014-11-24,73400
2014-11-25,118220
2014-11-26,56040
2014-11-27,77200
2014-11-28,103700
2014-11-29,4160
2014-12-01,70400
2014-12-02,121400
2014-12-03,65100
2014-12-04,81340
2014-12-05,85040
2014-12-06,12880
2014-12-08,78360
2014-12-09,76500
2014-12-10,80060
2014-12-11,62960
2014-12-12,112040
2014-12-13,16100
2014-12-15,83000
2014-12-16,98020
2014-12-17,64340
2014-12-18,93340
2014-12-19,73480
2014-12-20,22640
2014-12-22,76640
2014-12-23,103500
2014-12-24,70440
2014-12-25,0
2014-12-26,72480
2014-12-27,95380
2014-12-29,83960
2014-12-30,102680
2014-12-31,58460
2015-01-01,0
2015-01-02,91020
2015-01-03,13980
2015-01-05,78860
2015-01-06,122020
2015-01-07,68680
2015-01-08,73760
2015-01-09,86160
2015-01-10,12860
2015-01-12,70880
2015-01-13,112380
2015-01-14,72080
2015-01-15,67720
2015-01-16,119420
2015-01-17,9300
2015-01-19,77620
2015-01-20,112520
2015-01-21,69360
2015-01-22,97860
2015-01-23,101080
2015-01-24,5380
2015-01-26,74320
2015-01-27,101480
2015-01-28,63520
2015-01-29,76640
2015-01-30,93720
2015-01-31,8780
2015-02-02,93820
2015-02-03,104640
2015-02-04,61640
2015-02-05,84920
2015-02-06,98140
2015-02-07,6320
2015-02-09,76220
2015-02-10,107080
2015-02-11,64140
2015-02-12,75640
2015-02-13,74940
2015-02-14,5260
2015-02-16,75140
2015-02-17,98480
2015-02-18,63260
2015-02-19,79500
2015-02-20,99260
2015-02-21,4620
2015-02-23,91180
2015-02-24,93580
2015-02-25,70180
2015-02-26,73000
2015-02-27,94520
2015-02-28,11240
2015-03-02,71920
2015-03-03,99840
2015-03-04,71260
2015-03-05,72880
2015-03-06,93220
2015-03-07,10900
2015-03-09,63880
2015-03-10,98200
2015-03-12,73560
2015-03-13,96960
2015-03-14,14060
2015-03-16,71520
2015-03-17,87540
2015-03-18,69280
2015-03-19,71020
2015-03-20,91940
2015-03-21,9080
2015-03-23,64120
2015-03-24,95980
2015-03-25,62600
2015-03-26,63040
2015-03-27,95540